Number,Direction,Feet,boundary
1,271.5688655,5217.13,Pleasant Hill Rural Fire Protection District
2,182.0987412,689.45,Pleasant Hill Rural Fire Protection District
3,89.53661665,1256.24,Pleasant Hill Rural Fire Protection District
4,181.8429367,1973.46,Pleasant Hill Rural Fire Protection District
5,91.95756803,1317.94,0
6,181.7787515,2669.2,0
7,271.7234826,1325.78,0
8,181.6520484,330,0
9,270.9322424,330,0
10,1.652290398,328.98,0
11,270.7559131,893.67,0
12,181.6373768,28.87,0
13,272.0136247,2570.09,Pleasant Hill Rural Fire Protection District
14,1.469148617,6.92,Pleasant Hill Rural Fire Protection District
15,271.9899154,1437.26,Pleasant Hill Rural Fire Protection District
16,2.103671056,3435.67,Pleasant Hill Rural Fire Protection District
17,271.6178207,1005.76,Pleasant Hill Rural Fire Protection District
18,1.641890037,1330.39,Pleasant Hill Rural Fire Protection District
19,92.10877918,254.8,Pleasant Hill Rural Fire Protection District
20,1.641616984,229.13,Pleasant Hill Rural Fire Protection District
21,1.64161063,130.87,Pleasant Hill Rural Fire Protection District
22,92.17273337,309.11,Pleasant Hill Rural Fire Protection District
23,1.621421501,365.36,Pleasant Hill Rural Fire Protection District
24,28.94988451,226.55,Pleasant Hill Rural Fire Protection District
25,274.7893274,769.49,Pleasant Hill Rural Fire Protection District
26,274.7893217,208.26,Pleasant Hill Rural Fire Protection District
27,1.72361473,418.49,Pleasant Hill Rural Fire Protection District
28,272.6232434,1669.8,Pleasant Hill Rural Fire Protection District
29,181.8407489,665.84,Pleasant Hill Rural Fire Protection District
30,219.9918568,111.98,Pleasant Hill Rural Fire Protection District
31,233.5808107,70.05,Pleasant Hill Rural Fire Protection District
32,272.4333759,4639.06,Pleasant Hill Rural Fire Protection District
33,268.7108128,1760.36,Pleasant Hill Rural Fire Protection District
34,302.5812677,353.89,Pleasant Hill Rural Fire Protection District
35,259.5830227,280.2,Pleasant Hill Rural Fire Protection District
36,270.2307632,4896.22,Pleasant Hill Rural Fire Protection District
37,26.39289222,243.42,Pleasant Hill Rural Fire Protection District
38,21.64636122,212.82,Pleasant Hill Rural Fire Protection District
39,10.30477497,23.51,Pleasant Hill Rural Fire Protection District
40,10.30476174,59.54,Pleasant Hill Rural Fire Protection District
41,0,81.7,Pleasant Hill Rural Fire Protection District
42,357.0643431,290.06,Pleasant Hill Rural Fire Protection District
43,353.8842986,209.16,Pleasant Hill Rural Fire Protection District
44,346.6077523,10.45,Pleasant Hill Rural Fire Protection District
45,346.6078799,149.89,Pleasant Hill Rural Fire Protection District
46,333.4349488,49.83,Pleasant Hill Rural Fire Protection District
47,327.9942837,29.91,Pleasant Hill Rural Fire Protection District
48,327.9946168,110.23,Pleasant Hill Rural Fire Protection District
49,338.9624019,61.98,Pleasant Hill Rural Fire Protection District
50,338.9625215,41.47,Pleasant Hill Rural Fire Protection District
51,324.4615908,20.91,Pleasant Hill Rural Fire Protection District
52,324.4625764,42.98,Pleasant Hill Rural Fire Protection District
53,314.9995716,31.03,Pleasant Hill Rural Fire Protection District
54,315,63.51,Pleasant Hill Rural Fire Protection District
55,313.0253425,152.4,Pleasant Hill Rural Fire Protection District
56,265.571917,9.03,Pleasant Hill Rural Fire Protection District
57,265.5717828,22.62,Pleasant Hill Rural Fire Protection District
58,265.5715928,63.93,Pleasant Hill Rural Fire Protection District
59,265.5716987,164.51,Pleasant Hill Rural Fire Protection District
60,265.5716081,154.78,Pleasant Hill Rural Fire Protection District
61,263.2902026,55.74,Pleasant Hill Rural Fire Protection District
62,263.290385,39.62,Pleasant Hill Rural Fire Protection District
63,276.3414678,14.64,Pleasant Hill Rural Fire Protection District
64,276.3407136,35.8,Pleasant Hill Rural Fire Protection District
65,282.2003604,210.88,Pleasant Hill Rural Fire Protection District
66,299.7389005,3.51,Pleasant Hill Rural Fire Protection District
67,299.7462409,27.44,Pleasant Hill Rural Fire Protection District
68,299.7448813,13.96,Pleasant Hill Rural Fire Protection District
69,311.6333997,67.08,Pleasant Hill Rural Fire Protection District
70,313.1602288,115.24,Pleasant Hill Rural Fire Protection District
71,328.3760757,47.39,Pleasant Hill Rural Fire Protection District
72,326.2918855,44.78,Pleasant Hill Rural Fire Protection District
73,332.0859517,10.6,Pleasant Hill Rural Fire Protection District
74,332.0868522,49.12,Pleasant Hill Rural Fire Protection District
75,0,24.83,Pleasant Hill Rural Fire Protection District
76,339.1921335,3.27,Pleasant Hill Rural Fire Protection District
77,339.1945469,69.61,Pleasant Hill Rural Fire Protection District
78,339.1947331,17.29,Pleasant Hill Rural Fire Protection District
79,339.1946624,41.35,Pleasant Hill Rural Fire Protection District
80,345.9638138,79.65,Pleasant Hill Rural Fire Protection District
81,345.9639693,42.85,Pleasant Hill Rural Fire Protection District
82,354.2896574,74.65,Pleasant Hill Rural Fire Protection District
83,356.9870526,98.89,Pleasant Hill Rural Fire Protection District
84,356.9871659,42.43,Pleasant Hill Rural Fire Protection District
85,3.012913351,141.32,Pleasant Hill Rural Fire Protection District
86,8.746132998,97.69,Pleasant Hill Rural Fire Protection District
87,14.93138508,75.44,Pleasant Hill Rural Fire Protection District
88,14.93161479,12.26,Pleasant Hill Rural Fire Protection District
89,14.93124174,27.61,Pleasant Hill Rural Fire Protection District
90,20.5560799,63.46,Pleasant Hill Rural Fire Protection District
91,23.19828752,48.88,Pleasant Hill Rural Fire Protection District
92,23.19847527,64.25,Pleasant Hill Rural Fire Protection District
93,19.29004058,157.39,Pleasant Hill Rural Fire Protection District
94,11.31565179,1.29,Pleasant Hill Rural Fire Protection District
95,11.3096019,22.3,Pleasant Hill Rural Fire Protection District
96,11.31013722,90.03,Pleasant Hill Rural Fire Protection District
97,3.576214154,87.79,Pleasant Hill Rural Fire Protection District
98,3.576109498,31.29,Pleasant Hill Rural Fire Protection District
99,0,74.28,Pleasant Hill Rural Fire Protection District
100,349.6948093,83.04,Pleasant Hill Rural Fire Protection District
101,343.3014988,77.55,Pleasant Hill Rural Fire Protection District
102,333.4348108,182.69,Pleasant Hill Rural Fire Protection District
103,338.1987941,120,Pleasant Hill Rural Fire Protection District
104,344.4757367,138.76,Pleasant Hill Rural Fire Protection District
105,345.9634395,14.38,Pleasant Hill Rural Fire Protection District
106,345.9639605,67.06,Pleasant Hill Rural Fire Protection District
107,345.9635345,41.06,Pleasant Hill Rural Fire Protection District
108,349.8244612,135.75,Pleasant Hill Rural Fire Protection District
109,349.8244592,158.56,Pleasant Hill Rural Fire Protection District
110,345.2568571,38.74,Pleasant Hill Rural Fire Protection District
111,345.2564996,107.19,Pleasant Hill Rural Fire Protection District
112,340.3461901,89.3,Pleasant Hill Rural Fire Protection District
113,340.3452776,21.11,Pleasant Hill Rural Fire Protection District
114,333.4350754,132.87,Pleasant Hill Rural Fire Protection District
115,332.5254678,53.07,Pleasant Hill Rural Fire Protection District
116,332.5253976,156.23,Pleasant Hill Rural Fire Protection District
117,334.0935522,289,Pleasant Hill Rural Fire Protection District
118,333.4349488,182.69,Pleasant Hill Rural Fire Protection District
119,337.1664636,77.45,Pleasant Hill Rural Fire Protection District
120,337.1663217,75.68,Pleasant Hill Rural Fire Protection District
121,337.1663935,153.12,Pleasant Hill Rural Fire Protection District
122,345.9638859,35.23,Pleasant Hill Rural Fire Protection District
123,345.9639133,87.27,Pleasant Hill Rural Fire Protection District
124,350.5378432,74.71,Pleasant Hill Rural Fire Protection District
125,350.5376778,5.23,Pleasant Hill Rural Fire Protection District
126,0.021974494,145.42,Pleasant Hill Rural Fire Protection District
127,11.79495123,8.77,Pleasant Hill Rural Fire Protection District
128,11.79461064,47.6,Pleasant Hill Rural Fire Protection District
129,11.79502661,8.23,Pleasant Hill Rural Fire Protection District
130,19.98212789,21.33,Pleasant Hill Rural Fire Protection District
131,19.98292467,17.66,Pleasant Hill Rural Fire Protection District
132,38.65957926,12.82,Pleasant Hill Rural Fire Protection District
133,38.6590214,29.85,Pleasant Hill Rural Fire Protection District
134,60.94736531,34.3,Pleasant Hill Rural Fire Protection District
135,74.74475605,26.33,Pleasant Hill Rural Fire Protection District
136,74.74431567,11.66,Pleasant Hill Rural Fire Protection District
137,90,53.31,Pleasant Hill Rural Fire Protection District
138,94.23624784,9.45,Pleasant Hill Rural Fire Protection District
139,94.23623143,80.75,Pleasant Hill Rural Fire Protection District
140,104.9317198,40.01,Pleasant Hill Rural Fire Protection District
141,104.9315206,11.71,Pleasant Hill Rural Fire Protection District
142,113.96214,98.44,Pleasant Hill Rural Fire Protection District
143,122.0059377,53.9,Pleasant Hill Rural Fire Protection District
144,122.0059258,40.39,Pleasant Hill Rural Fire Protection District
145,126.869754,183.24,Pleasant Hill Rural Fire Protection District
146,127.1167637,154.59,Pleasant Hill Rural Fire Protection District
147,122.1518476,10.16,Pleasant Hill Rural Fire Protection District
148,122.1531747,10.34,Pleasant Hill Rural Fire Protection District
149,122.1525628,117.23,Pleasant Hill Rural Fire Protection District
150,117.6456641,78.98,Pleasant Hill Rural Fire Protection District
151,111.8014929,125.59,Pleasant Hill Rural Fire Protection District
152,108.434862,136.97,Pleasant Hill Rural Fire Protection District
153,109.218399,90.16,Pleasant Hill Rural Fire Protection District
154,109.2191441,11.39,Pleasant Hill Rural Fire Protection District
155,99.46181302,84.97,Pleasant Hill Rural Fire Protection District
156,96.71073239,79.7,Pleasant Hill Rural Fire Protection District
157,90,83.81,Pleasant Hill Rural Fire Protection District
158,84.28863869,80.35,Pleasant Hill Rural Fire Protection District
159,84.28870047,13.24,Pleasant Hill Rural Fire Protection District
160,76.75991027,162.64,Pleasant Hill Rural Fire Protection District
161,72.12107949,131.45,Pleasant Hill Rural Fire Protection District
162,72.12116071,20.22,Pleasant Hill Rural Fire Protection District
163,61.92850508,12.26,Pleasant Hill Rural Fire Protection District
164,61.92815771,66.9,Pleasant Hill Rural Fire Protection District
165,57.26469356,98.62,Pleasant Hill Rural Fire Protection District
166,57.2646303,133.87,Pleasant Hill Rural Fire Protection District
167,48.01303897,11.11,Pleasant Hill Rural Fire Protection District
168,48.01280537,78.18,Pleasant Hill Rural Fire Protection District
169,48.01298162,35.99,Pleasant Hill Rural Fire Protection District
170,37.23477256,146.21,Pleasant Hill Rural Fire Protection District
171,33.69006754,19.28,Pleasant Hill Rural Fire Protection District
172,33.69017277,148.61,Pleasant Hill Rural Fire Protection District
173,25.2775363,185.38,Pleasant Hill Rural Fire Protection District
174,21.37066859,115,Pleasant Hill Rural Fire Protection District
175,5.195151048,25.92,Pleasant Hill Rural Fire Protection District
176,5.195029444,25.51,Pleasant Hill Rural Fire Protection District
177,0,74.5,Pleasant Hill Rural Fire Protection District
178,352.4050922,140.93,Pleasant Hill Rural Fire Protection District
179,347.988595,223.75,Pleasant Hill Rural Fire Protection District
180,338.1985441,75.23,Pleasant Hill Rural Fire Protection District
181,330.2558415,45.16,Pleasant Hill Rural Fire Protection District
182,330.255183,217.62,Pleasant Hill Rural Fire Protection District
183,316.1687357,146.48,Pleasant Hill Rural Fire Protection District
184,316.1692122,14.88,Pleasant Hill Rural Fire Protection District
185,310.6011944,40.69,Pleasant Hill Rural Fire Protection District
186,310.6012305,63.6,Pleasant Hill Rural Fire Protection District
187,310.6013131,110.35,Pleasant Hill Rural Fire Protection District
188,303.2749246,107.33,Pleasant Hill Rural Fire Protection District
189,303.2751581,70.9,Pleasant Hill Rural Fire Protection District
190,299.0539757,95.88,Pleasant Hill Rural Fire Protection District
191,309.806077,57.09,Pleasant Hill Rural Fire Protection District
192,309.8059524,88.37,Pleasant Hill Rural Fire Protection District
193,319.7637113,79.29,Pleasant Hill Rural Fire Protection District
194,331.3887672,17.46,Pleasant Hill Rural Fire Protection District
195,331.3891366,40.88,Pleasant Hill Rural Fire Protection District
196,345.9637566,9.1,Pleasant Hill Rural Fire Protection District
197,345.9644606,38.85,Pleasant Hill Rural Fire Protection District
198,345.9637565,9.64,Pleasant Hill Rural Fire Protection District
199,0,29.56,Pleasant Hill Rural Fire Protection District
200,272.0646093,1755.3,Goshen Rural Fire Protection District
201,1.615745042,2633.21,Goshen Rural Fire Protection District
202,271.718358,1312.86,Goshen Rural Fire Protection District
203,272.6895697,2627.61,Goshen Rural Fire Protection District
204,271.1854156,225.21,Goshen Rural Fire Protection District
205,271.1854473,807.6,Goshen Rural Fire Protection District
206,6.139508623,2.14,Goshen Rural Fire Protection District
207,271.2798397,101.19,Goshen Rural Fire Protection District
208,276.0141735,441.36,Goshen Rural Fire Protection District
209,6.821061689,474.72,Goshen Rural Fire Protection District
210,10.37848569,166.47,Goshen Rural Fire Protection District
211,15.88381525,985.48,Goshen Rural Fire Protection District
212,16.06373206,1133.39,Goshen Rural Fire Protection District
213,270.1635932,2731.78,Goshen Rural Fire Protection District
214,182.041726,86.36,Goshen Rural Fire Protection District
215,272.0159892,252.85,Goshen Rural Fire Protection District
216,0.385764509,128.01,Goshen Rural Fire Protection District
217,271.2255685,4689.97,Goshen Rural Fire Protection District
218,1.99604267,1199.14,Goshen Rural Fire Protection District
219,271.9350723,1876.7,Goshen Rural Fire Protection District
220,169.9834058,513.09,Goshen Rural Fire Protection District
221,169.9837399,503.68,Goshen Rural Fire Protection District
222,271.7726558,373.83,Goshen Rural Fire Protection District
223,181.7453578,1404.9,Goshen Rural Fire Protection District
224,183.5267803,115.09,Goshen Rural Fire Protection District
225,271.6243366,5,Goshen Rural Fire Protection District
226,269.0765184,2555.98,Goshen Rural Fire Protection District
227,181.5886026,559.06,Goshen Rural Fire Protection District
228,181.472257,253.03,Goshen Rural Fire Protection District
229,184.0406116,405.7,Goshen Rural Fire Protection District
230,271.5179183,2626.87,Goshen Rural Fire Protection District
231,0.884880636,1992.67,Goshen Rural Fire Protection District
232,0.665537522,3295.07,Goshen Rural Fire Protection District
233,2.667917588,323.38,Goshen Rural Fire Protection District
234,3.024044691,706.34,Goshen Rural Fire Protection District
235,3.276194899,503.23,Goshen Rural Fire Protection District
236,3.317461128,571.08,Goshen Rural Fire Protection District
237,91.5537749,685.69,Goshen Rural Fire Protection District
238,353.4319699,393.48,Goshen Rural Fire Protection District
239,347.9627236,116.72,Goshen Rural Fire Protection District
240,91.19699924,2058.53,Goshen Rural Fire Protection District
241,2.464751485,1362.27,Goshen Rural Fire Protection District
242,2.464667805,258,Goshen Rural Fire Protection District
243,258.9324074,3.07,Goshen Rural Fire Protection District
244,258.9287464,519.32,Goshen Rural Fire Protection District
245,284.5072678,524.33,Goshen Rural Fire Protection District
246,274.7574843,885.83,Goshen Rural Fire Protection District
247,357.594028,0.04,Goshen Rural Fire Protection District
248,352.0968659,69.07,Goshen Rural Fire Protection District
249,346.7146159,49.09,Goshen Rural Fire Protection District
250,69.0729135,203.79,Goshen Rural Fire Protection District
251,80.88462865,185.6,Goshen Rural Fire Protection District
252,52.25585588,265.75,Goshen Rural Fire Protection District
253,10.33127768,377.28,Goshen Rural Fire Protection District
254,26.55057855,100.49,Goshen Rural Fire Protection District
255,35.57432261,84.68,Goshen Rural Fire Protection District
256,70.06814426,267.27,Goshen Rural Fire Protection District
257,61.13288115,140.29,Goshen Rural Fire Protection District
258,29.38842314,106.24,Goshen Rural Fire Protection District
259,8.2159779,134.6,Goshen Rural Fire Protection District
260,47.94595113,290.31,Goshen Rural Fire Protection District
261,57.50355199,252.09,Goshen Rural Fire Protection District
262,64.74647351,418.76,Goshen Rural Fire Protection District
263,181.959188,565.29,Goshen Rural Fire Protection District
264,203.5032859,334.73,Goshen Rural Fire Protection District
265,182.1342646,798.07,Goshen Rural Fire Protection District
266,59.81776228,332.21,Goshen Rural Fire Protection District
267,20.71014168,255.2,Goshen Rural Fire Protection District
268,72.64601482,85.26,Goshen Rural Fire Protection District
269,22.10936159,87.84,Goshen Rural Fire Protection District
270,78.74224848,273.56,Goshen Rural Fire Protection District
271,183.1108337,117.15,Goshen Rural Fire Protection District
272,135.6092822,78.15,Goshen Rural Fire Protection District
273,91.80495743,433.84,Goshen Rural Fire Protection District
274,111.4262119,66.83,Goshen Rural Fire Protection District
275,166.9753291,138.11,Goshen Rural Fire Protection District
276,158.4396912,156.73,Goshen Rural Fire Protection District
277,153.2356847,90.87,Goshen Rural Fire Protection District
278,171.7354447,103.55,Goshen Rural Fire Protection District
279,144.6887645,145.1,Goshen Rural Fire Protection District
280,122.9694082,99.35,Goshen Rural Fire Protection District
281,116.0753922,117.88,Goshen Rural Fire Protection District
282,115.9065631,87.66,Goshen Rural Fire Protection District
283,108.0603365,109,Goshen Rural Fire Protection District
284,104.4440339,153.54,Goshen Rural Fire Protection District
285,124.8754057,90.62,Goshen Rural Fire Protection District
286,181.7911595,403.84,Goshen Rural Fire Protection District
287,92.25182674,630.89,Goshen Rural Fire Protection District
288,182.8730566,970.42,Goshen Rural Fire Protection District
289,91.06711915,2635.15,Goshen Rural Fire Protection District
290,2.556629493,3401.93,Goshen Rural Fire Protection District
291,297.8725138,670.38,Goshen Rural Fire Protection District
292,272.1493744,266.58,Goshen Rural Fire Protection District
293,259.2667465,271.39,Goshen Rural Fire Protection District
294,249.0263635,194.26,Goshen Rural Fire Protection District
295,249.0728045,171.39,Goshen Rural Fire Protection District
296,265.5080246,137.82,Goshen Rural Fire Protection District
297,293.7425456,363.49,Goshen Rural Fire Protection District
298,306.0686498,269,Goshen Rural Fire Protection District
299,281.7389883,679.65,Goshen Rural Fire Protection District
300,271.8011451,1244.64,Goshen Rural Fire Protection District
301,271.801108,510.78,Goshen Rural Fire Protection District
302,317.0386711,734.22,Goshen Rural Fire Protection District
303,270.6814851,199.93,Goshen Rural Fire Protection District
304,275.6031915,5.9,Goshen Rural Fire Protection District
305,3.01568161,789.62,Goshen Rural Fire Protection District
306,278.10511,607.58,0
307,8.950284888,107.17,City of Eugene
308,352.3291144,139.92,City of Eugene
309,350.8390782,203.29,0
310,353.5025418,127.72,0
311,90.94587215,696.14,0
312,4.518126838,375.72,0
313,359.6977635,950.05,0
314,1.353767403,392.92,0
315,91.12947481,96.49,0
316,1.452202489,251.86,0
317,52.69671489,228.69,0
318,316.9154509,554.79,0
319,290.188056,398.93,0
320,189.3908707,142.04,0
321,320.4847254,1241.55,City of Eugene
322,222.0689199,1.33,City of Eugene
323,235.7046564,586.1,City of Eugene
324,349.8866286,285.41,City of Eugene
325,12.30112932,116.47,City of Eugene
326,12.30125319,209.76,City of Eugene
327,12.3015211,24.88,City of Eugene
328,10.20218929,33.59,City of Eugene
329,3.039730909,30.58,City of Eugene
330,93.14312235,375.91,City of Eugene
331,95.70212995,165.76,0
332,46.69344819,51.41,0
333,13.78465685,425.01,0
334,58.41029021,203.97,City of Eugene
335,41.18587876,228.63,City of Eugene
336,34.05783583,94.22,City of Eugene
337,33.40723954,39.95,City of Eugene
338,33.40633322,37.83,City of Eugene
339,54.17237833,177.15,City of Eugene
340,27.80881707,384.65,City of Eugene
341,69.33454735,506.7,City of Eugene
342,69.29467123,0.75,City of Eugene
343,1.155956453,623.86,City of Eugene
344,1.896910856,3.2,0
345,124.0004072,60.18,0
346,126.9401852,72.74,0
347,131.7761091,181.38,0
348,139.9928599,245.75,0
349,150.1256718,695.3,0
350,148.602799,274.73,0
351,143.711689,159.68,0
352,139.6950329,316.17,0
353,135.0300945,250.43,0
354,14.37659512,132.11,0
355,131.1842464,403.44,0
356,0.153517155,607.22,0
357,91.74836379,2226.85,0
358,359.312188,1566.75,Goshen Rural Fire Protection District
359,74.51221049,213.37,Goshen Rural Fire Protection District
360,52.21926939,480.3,Goshen Rural Fire Protection District
361,0.923229244,1353.23,Goshen Rural Fire Protection District
362,43.92506914,324.66,Goshen Rural Fire Protection District
363,66.88038637,435.67,Goshen Rural Fire Protection District
364,48.32031581,755.19,Goshen Rural Fire Protection District
365,2.121032689,797.22,Goshen Rural Fire Protection District
366,272.0052998,1.47,Goshen Rural Fire Protection District
367,272.0039701,481.71,Goshen Rural Fire Protection District
368,1.481111602,0.47,Goshen Rural Fire Protection District
369,1.495863227,1.07,Goshen Rural Fire Protection District
370,1.488874797,144.4,Goshen Rural Fire Protection District
371,271.5043605,81.21,Goshen Rural Fire Protection District
372,271.5052942,101.6,Goshen Rural Fire Protection District
373,330.9704061,98.99,Goshen Rural Fire Protection District
374,166.3139125,89.71,Goshen Rural Fire Protection District
375,180.6714818,142.8,Goshen Rural Fire Protection District
376,272.0052978,60.02,Goshen Rural Fire Protection District
377,0.668761901,133.86,Goshen Rural Fire Protection District
378,346.2517708,139.57,Goshen Rural Fire Protection District
379,1.722629539,13.02,Goshen Rural Fire Protection District
380,272.0167375,234.12,Goshen Rural Fire Protection District
381,251.0352427,115.42,Goshen Rural Fire Protection District
382,180.0010963,240.06,Goshen Rural Fire Protection District
383,272.327587,215.62,Goshen Rural Fire Protection District
384,1.957463839,164.94,Goshen Rural Fire Protection District
385,272.0144677,244.08,Goshen Rural Fire Protection District
386,1.995174912,50.31,Goshen Rural Fire Protection District
387,92.00756448,193.01,Goshen Rural Fire Protection District
388,92.02849534,57.56,Goshen Rural Fire Protection District
389,71.03400343,320.5,Goshen Rural Fire Protection District
390,91.9981794,243.57,Goshen Rural Fire Protection District
391,2.511407348,14.94,Goshen Rural Fire Protection District
392,11.23521284,275.95,Goshen Rural Fire Protection District
393,1.36611375,455.38,Goshen Rural Fire Protection District
394,91.46532048,390.57,Goshen Rural Fire Protection District
395,1.467911079,13,Goshen Rural Fire Protection District
396,91.46998259,189.57,Goshen Rural Fire Protection District
397,189.3907566,15.16,Goshen Rural Fire Protection District
398,92.20233027,183.39,Goshen Rural Fire Protection District
399,181.4901683,56.22,Goshen Rural Fire Protection District
400,94.29937367,85.29,Goshen Rural Fire Protection District
401,95.6162429,85.29,Goshen Rural Fire Protection District
402,96.93312778,85.29,Goshen Rural Fire Protection District
403,98.24979829,85.29,Goshen Rural Fire Protection District
404,102.5496813,58.9,Goshen Rural Fire Protection District
405,104.7100673,58.9,Goshen Rural Fire Protection District
406,106.8708566,58.9,Goshen Rural Fire Protection District
407,109.0315154,58.9,Goshen Rural Fire Protection District
408,110.7517268,36.7,Goshen Rural Fire Protection District
409,93.25856348,853.7,Goshen Rural Fire Protection District
410,142.5968596,16.65,Goshen Rural Fire Protection District
411,145.0876216,39.25,Goshen Rural Fire Protection District
412,147.9826369,39.25,Goshen Rural Fire Protection District
413,153.9630192,1665.08,Goshen Rural Fire Protection District
414,187.0127189,398.43,Goshen Rural Fire Protection District
415,207.7079873,206.71,Goshen Rural Fire Protection District
416,192.018186,399.68,Goshen Rural Fire Protection District
417,164.8627752,114.66,Goshen Rural Fire Protection District
418,179.4244175,221.4,Goshen Rural Fire Protection District
419,199.1719384,95.54,Goshen Rural Fire Protection District
420,177.7171744,357.97,Goshen Rural Fire Protection District
421,177.717329,46.28,Goshen Rural Fire Protection District
422,182.760403,185.82,Goshen Rural Fire Protection District
423,251.9280045,187.72,Goshen Rural Fire Protection District
424,163.9509093,533.13,Goshen Rural Fire Protection District
425,89.73560836,303.24,Goshen Rural Fire Protection District
426,353.7652205,839.2,Goshen Rural Fire Protection District
427,160.3632481,420.77,Goshen Rural Fire Protection District
428,166.7219069,50.91,Goshen Rural Fire Protection District
429,170.1805057,240.99,Goshen Rural Fire Protection District
430,165.9030699,1976.79,Goshen Rural Fire Protection District
431,91.26546125,3203.62,Goshen Rural Fire Protection District
432,181.2813351,1355.41,Goshen Rural Fire Protection District
433,90.37305825,1337.42,Goshen Rural Fire Protection District
434,1.484580034,741.23,0
435,91.96031978,1314.1,0
436,1.395435835,353.77,0
437,95.04154112,351.65,0
438,93.51939984,359.14,0
439,91.59578441,429.9,0
440,102.0958524,194.18,0
441,106.7614878,193.35,0
442,111.2205325,385.55,0
443,111.9852739,370.68,0
444,112.3511137,521.74,0
445,110.5445577,117.79,0
446,116.1283755,459.5,0
447,118.9552037,315.09,Goshen Rural Fire Protection District
448,120.8812993,370.72,Goshen Rural Fire Protection District
449,126.3255913,341.65,Goshen Rural Fire Protection District
450,137.3204961,991.87,Goshen Rural Fire Protection District
451,195.5240629,543.67,Goshen Rural Fire Protection District
452,189.4623984,486.81,Goshen Rural Fire Protection District
453,158.1985697,1175.4,Goshen Rural Fire Protection District
454,165.7741026,532.9,Goshen Rural Fire Protection District
455,214.2158053,439.91,Goshen Rural Fire Protection District
456,156.9746037,316.21,Goshen Rural Fire Protection District
457,159.8423816,1224.54,Goshen Rural Fire Protection District
458,217.9332658,627.26,Goshen Rural Fire Protection District
459,215.0594294,1013.26,Goshen Rural Fire Protection District
460,206.1616882,462.04,Goshen Rural Fire Protection District
461,180,189.17,Goshen Rural Fire Protection District
462,171.027136,139.95,Goshen Rural Fire Protection District
463,151.6986635,107.42,Goshen Rural Fire Protection District
464,140.710785,206.81,Goshen Rural Fire Protection District
465,107.8188232,213.98,Goshen Rural Fire Protection District
466,102.307993,409.57,Goshen Rural Fire Protection District
467,110.5553904,124.32,Goshen Rural Fire Protection District
468,111.3180863,640.41,Goshen Rural Fire Protection District
469,105.6422081,755.53,Goshen Rural Fire Protection District
470,120.4341379,675.06,Goshen Rural Fire Protection District
471,107.2096327,860.67,Goshen Rural Fire Protection District
472,110.7256183,575.64,Goshen Rural Fire Protection District
473,120.7446206,583.68,Goshen Rural Fire Protection District
474,95.9832017,278.35,Goshen Rural Fire Protection District
475,88.11178862,662.43,Goshen Rural Fire Protection District
476,89.25522781,440.98,Goshen Rural Fire Protection District
477,2.107450238,173.65,Pleasant Hill Rural Fire Protection District
478,91.75300326,818.74,Pleasant Hill Rural Fire Protection District
479,2.167740014,570.23,Pleasant Hill Rural Fire Protection District
480,91.82655924,4367.88,0
481,2.338860643,5434.65,Pleasant Hill Rural Fire Protection District
482,271.9689327,1274.84,Pleasant Hill Rural Fire Protection District
483,1.84732731,1589.3,Pleasant Hill Rural Fire Protection District
484,91.45669755,2095.21,Pleasant Hill Rural Fire Protection District
485,182.1043216,1609.66,Pleasant Hill Rural Fire Protection District
486,92.04678348,2145.99,Pleasant Hill Rural Fire Protection District
487,182.1464428,1257.48,Pleasant Hill Rural Fire Protection District
488,91.75066897,1282.42,Pleasant Hill Rural Fire Protection District
489,1.717289418,2901.8,Pleasant Hill Rural Fire Protection District
490,91.73213511,370.38,0
491,1.595139257,1013.12,Pleasant Hill Rural Fire Protection District
492,291.4915121,259.65,Pleasant Hill Rural Fire Protection District
493,15.2416783,144.5,Pleasant Hill Rural Fire Protection District
494,38.26782674,138.23,Pleasant Hill Rural Fire Protection District
495,23.73656142,375.33,Pleasant Hill Rural Fire Protection District
496,10.71379926,256.89,Pleasant Hill Rural Fire Protection District
497,359.5287685,331.58,Pleasant Hill Rural Fire Protection District
498,347.5698959,203.31,Pleasant Hill Rural Fire Protection District
499,225.9500802,259.19,Pleasant Hill Rural Fire Protection District
500,346.1268734,276.51,Pleasant Hill Rural Fire Protection District
501,92.03071565,189.87,Pleasant Hill Rural Fire Protection District
502,0.840580862,241.51,Pleasant Hill Rural Fire Protection District
503,336.3012076,591.01,0
504,321.3169705,254.24,0
505,229.4393985,264.9,Pleasant Hill Rural Fire Protection District
506,272.0977822,516.83,0
507,181.6223757,780.68,0
508,272.1654256,1301.04,0
509,276.061065,712.44,0
510,0.940492848,1296.71,0
511,1.669106334,1265.31,Pleasant Hill Rural Fire Protection District
512,68.64957965,181.93,Pleasant Hill Rural Fire Protection District
513,105.4068081,572.68,Pleasant Hill Rural Fire Protection District
514,1.726240366,1178.3,Pleasant Hill Rural Fire Protection District
515,324.9565997,748.62,Pleasant Hill Rural Fire Protection District
516,329.2645023,479.24,Pleasant Hill Rural Fire Protection District
517,330.2550343,359.03,Pleasant Hill Rural Fire Protection District
518,316.169159,385.82,Pleasant Hill Rural Fire Protection District
519,309.7352706,784.83,Pleasant Hill Rural Fire Protection District
520,181.6559807,1353.22,Pleasant Hill Rural Fire Protection District
521,271.4943378,345.65,Pleasant Hill Rural Fire Protection District
522,180.6173966,300.15,Pleasant Hill Rural Fire Protection District
523,271.4923194,995.24,Pleasant Hill Rural Fire Protection District
524,181.2447483,3020.31,Pleasant Hill Rural Fire Protection District
525,275.3083787,256.22,Pleasant Hill Rural Fire Protection District
526,181.5808155,180.78,Pleasant Hill Rural Fire Protection District
527,252.2618725,541.69,Pleasant Hill Rural Fire Protection District
528,315,217.23,Pleasant Hill Rural Fire Protection District
529,314.9999067,142.41,Pleasant Hill Rural Fire Protection District
530,347.7749354,363.65,Pleasant Hill Rural Fire Protection District
531,329.7433655,164.58,Pleasant Hill Rural Fire Protection District
532,305.9097132,212.09,Pleasant Hill Rural Fire Protection District
533,288.7429972,288.38,Pleasant Hill Rural Fire Protection District
534,1.733191446,1550.56,Pleasant Hill Rural Fire Protection District
535,271.829801,2073,Pleasant Hill Rural Fire Protection District
536,181.7647238,585.01,0
537,271.3437233,474.14,0
538,2.438271117,594.64,0
539,272.4976853,162.86,Pleasant Hill Rural Fire Protection District
540,1.709736116,1029.23,Pleasant Hill Rural Fire Protection District
541,91.95934849,628.22,Pleasant Hill Rural Fire Protection District
542,182.6721126,132.75,Pleasant Hill Rural Fire Protection District
543,91.95502964,997.48,Pleasant Hill Rural Fire Protection District
544,2.294211247,1077.15,Pleasant Hill Rural Fire Protection District
545,91.9544991,360.67,Pleasant Hill Rural Fire Protection District
546,2.324322843,86.45,Pleasant Hill Rural Fire Protection District
547,91.95086138,437.17,Pleasant Hill Rural Fire Protection District
548,70.90443881,106.65,Pleasant Hill Rural Fire Protection District
549,76.82855845,112.08,Pleasant Hill Rural Fire Protection District
550,71.57585123,113.38,Pleasant Hill Rural Fire Protection District
551,64.29367016,326.46,Pleasant Hill Rural Fire Protection District
552,57.92224497,78.52,Pleasant Hill Rural Fire Protection District
553,2.509971847,261.89,Pleasant Hill Rural Fire Protection District
554,86.99711979,75.29,Pleasant Hill Rural Fire Protection District
555,79.54381157,75.29,Pleasant Hill Rural Fire Protection District
556,72.08788417,75.29,Pleasant Hill Rural Fire Protection District
557,64.63388494,75.29,Pleasant Hill Rural Fire Protection District
558,57.1798564,75.29,Pleasant Hill Rural Fire Protection District
559,49.72715451,75.3,Pleasant Hill Rural Fire Protection District
560,42.27612377,75.3,Pleasant Hill Rural Fire Protection District
561,37.10289152,17.17,Pleasant Hill Rural Fire Protection District
562,76.84630879,1406.12,Pleasant Hill Rural Fire Protection District
563,110.2418699,267.26,Pleasant Hill Rural Fire Protection District
564,115.1268057,247.98,Pleasant Hill Rural Fire Protection District
565,119.4398843,310.77,Pleasant Hill Rural Fire Protection District
566,120.5844303,662.47,Pleasant Hill Rural Fire Protection District
567,122.0724599,216.53,Pleasant Hill Rural Fire Protection District
568,128.9785962,347.15,Pleasant Hill Rural Fire Protection District
569,136.4111857,165.75,Pleasant Hill Rural Fire Protection District
570,143.0463906,250.69,Pleasant Hill Rural Fire Protection District
571,150.1893326,212.65,Pleasant Hill Rural Fire Protection District
572,153.6938885,702.66,Pleasant Hill Rural Fire Protection District
573,153.8983222,204.61,Pleasant Hill Rural Fire Protection District
574,153.8985002,71.11,Pleasant Hill Rural Fire Protection District
575,153.7343832,1034.4,Pleasant Hill Rural Fire Protection District
576,92.89907168,252.59,0
577,91.82385774,890.48,0
578,91.7336557,970.12,City of Springfield
579,173.7511605,569.44,0
580,182.068799,175.49,0
581,190.3201449,352.35,0
582,188.0872771,92.12,0
583,180.8652837,184.08,0
584,174.0495467,136.26,0
585,76.31526378,463.29,Pleasant Hill Rural Fire Protection District
586,174.995489,1123.54,Pleasant Hill Rural Fire Protection District
587,91.83509251,4419.57,0
588,1.050284399,696.18,Pleasant Hill Rural Fire Protection District
589,1.054635766,0.5,Pleasant Hill Rural Fire Protection District
590,91.91294412,772.3,Pleasant Hill Rural Fire Protection District
591,1.31162993,1210.07,Pleasant Hill Rural Fire Protection District
592,91.70019841,6618.24,Pleasant Hill Rural Fire Protection District
593,2.530099359,1335.9,Pleasant Hill Rural Fire Protection District
594,91.26965257,1325.17,Pleasant Hill Rural Fire Protection District
595,181.5341083,1344.15,Pleasant Hill Rural Fire Protection District
596,91.5359532,1283.76,Pleasant Hill Rural Fire Protection District
597,2.062312231,1324.29,Pleasant Hill Rural Fire Protection District
598,2.062322841,1324.29,Pleasant Hill Rural Fire Protection District
599,92.43854324,693.76,Pleasant Hill Rural Fire Protection District
600,92.43818728,628.07,Pleasant Hill Rural Fire Protection District
601,180.9254581,1326.79,Pleasant Hill Rural Fire Protection District
602,92.52643292,1287.31,Pleasant Hill Rural Fire Protection District
603,184.0933049,1352.34,Pleasant Hill Rural Fire Protection District
604,273.1299267,1279.16,Pleasant Hill Rural Fire Protection District
605,181.5043965,1308.01,Pleasant Hill Rural Fire Protection District
606,181.4996075,1320.06,Pleasant Hill Rural Fire Protection District
607,272.2166127,1317.54,Pleasant Hill Rural Fire Protection District
608,181.522654,2635.04,Pleasant Hill Rural Fire Protection District
609,181.4981422,10.85,Pleasant Hill Rural Fire Protection District
610,182.4787877,0.3,Pleasant Hill Rural Fire Protection District
611,271.576798,2607.8,Pleasant Hill Rural Fire Protection District
612,181.6895856,1916.03,0
613,181.6701798,2027.75,Pleasant Hill Rural Fire Protection District
614,271.8531943,379.98,Pleasant Hill Rural Fire Protection District
615,181.7867236,265.66,Pleasant Hill Rural Fire Protection District
616,272.3620151,517.86,Pleasant Hill Rural Fire Protection District
617,346.7023754,360.5,Pleasant Hill Rural Fire Protection District
618,359.720577,118.87,Pleasant Hill Rural Fire Protection District
619,11.71753491,277.56,Pleasant Hill Rural Fire Protection District
620,350.3537471,139.99,Pleasant Hill Rural Fire Protection District
621,316.4344403,183.52,Pleasant Hill Rural Fire Protection District
622,311.2457986,312.74,Pleasant Hill Rural Fire Protection District
623,328.4523721,454.12,Pleasant Hill Rural Fire Protection District
624,271.9906656,2927.28,Pleasant Hill Rural Fire Protection District
625,181.9051737,1596.97,Pleasant Hill Rural Fire Protection District
626,271.7692705,710.77,Pleasant Hill Rural Fire Protection District
627,180.9609627,1067.07,Pleasant Hill Rural Fire Protection District
628,91.68670458,4433.39,Pleasant Hill Rural Fire Protection District
629,114.0561947,580.76,0
630,110.99329,663.22,Pleasant Hill Rural Fire Protection District
631,107.8358163,68.15,Pleasant Hill Rural Fire Protection District
632,99.67108757,68.15,Pleasant Hill Rural Fire Protection District
633,91.50641993,68.15,Pleasant Hill Rural Fire Protection District
634,83.34138792,68.15,Pleasant Hill Rural Fire Protection District
635,79.38354462,81.92,Pleasant Hill Rural Fire Protection District
636,83.79101963,54.27,Pleasant Hill Rural Fire Protection District
637,92.9634114,54.27,Pleasant Hill Rural Fire Protection District
638,102.1351129,54.27,Pleasant Hill Rural Fire Protection District
639,110.9427697,183.69,Pleasant Hill Rural Fire Protection District
640,106.3768212,52.88,Pleasant Hill Rural Fire Protection District
641,96.55285057,52.88,Pleasant Hill Rural Fire Protection District
642,89.18450736,26.46,Pleasant Hill Rural Fire Protection District
643,156.7551515,185,Pleasant Hill Rural Fire Protection District
644,54.91666094,184.73,0
645,45,66.29,0
646,59.12306146,98.11,0
647,75.06718761,113.69,0
648,79.38925139,177.62,0
649,84.0404588,104.83,0
650,91.58250176,94.8,0
651,112.9049501,55.65,0
652,123.6900675,59.47,0
653,163.3207855,72.9,0
654,133.4077247,125.19,Pleasant Hill Rural Fire Protection District
655,124.9152439,47.98,Pleasant Hill Rural Fire Protection District
656,113.5055643,47.98,Pleasant Hill Rural Fire Protection District
657,96.34348718,307.4,Pleasant Hill Rural Fire Protection District
658,97.68003031,392.53,Pleasant Hill Rural Fire Protection District
659,90.35045345,286.11,Pleasant Hill Rural Fire Protection District
660,74.69643486,175.29,Pleasant Hill Rural Fire Protection District
661,62.83855018,243.63,Pleasant Hill Rural Fire Protection District
662,58.04906701,297.69,Pleasant Hill Rural Fire Protection District
663,1.160621376,123.6,Pleasant Hill Rural Fire Protection District
664,1.127394309,228.68,Pleasant Hill Rural Fire Protection District
665,91.69821294,706.09,Pleasant Hill Rural Fire Protection District
666,181.2840551,138.22,Pleasant Hill Rural Fire Protection District
667,112.8573818,168.09,Pleasant Hill Rural Fire Protection District
668,85.42823619,183.78,Pleasant Hill Rural Fire Protection District
669,89.96595262,188.82,Pleasant Hill Rural Fire Protection District
670,97.55430118,138.32,Pleasant Hill Rural Fire Protection District
671,104.3879277,98.84,Pleasant Hill Rural Fire Protection District
672,110.5238291,518.14,Pleasant Hill Rural Fire Protection District
673,113.1615309,73.2,Pleasant Hill Rural Fire Protection District
674,119.3640772,202.25,Pleasant Hill Rural Fire Protection District
675,117.4162949,633.07,Pleasant Hill Rural Fire Protection District
676,125.595128,167.32,Pleasant Hill Rural Fire Protection District
677,130.6788495,108.08,Pleasant Hill Rural Fire Protection District
678,133.7225649,265.2,Pleasant Hill Rural Fire Protection District
679,125.0650064,107.31,Pleasant Hill Rural Fire Protection District
680,113.4085042,99.02,Pleasant Hill Rural Fire Protection District
681,98.42886095,36.04,Pleasant Hill Rural Fire Protection District
682,72.90636983,67.9,Pleasant Hill Rural Fire Protection District
683,68.46685588,75.61,Pleasant Hill Rural Fire Protection District
684,81.91809983,85.98,Pleasant Hill Rural Fire Protection District
685,72.62469661,118.73,Pleasant Hill Rural Fire Protection District
686,76.67045597,237.86,Pleasant Hill Rural Fire Protection District
687,79.31515976,111.09,Pleasant Hill Rural Fire Protection District
688,83.74085393,53.81,Pleasant Hill Rural Fire Protection District
689,92.59289326,53.67,Pleasant Hill Rural Fire Protection District
690,101.4319148,53.67,Pleasant Hill Rural Fire Protection District
691,110.2711614,53.67,Pleasant Hill Rural Fire Protection District
692,114.6904287,46.93,Pleasant Hill Rural Fire Protection District
693,63.4468631,109.37,Pleasant Hill Rural Fire Protection District
694,47.13532087,110.54,Pleasant Hill Rural Fire Protection District
695,46.68229456,210.78,Pleasant Hill Rural Fire Protection District
696,41.54323618,211.77,Pleasant Hill Rural Fire Protection District
697,147.9975077,496.26,Pleasant Hill Rural Fire Protection District
698,219.9930504,414.47,Pleasant Hill Rural Fire Protection District
699,132.824637,51.62,Pleasant Hill Rural Fire Protection District
700,118.7905719,103.08,Pleasant Hill Rural Fire Protection District
701,132.8253571,199.41,Pleasant Hill Rural Fire Protection District
702,154.5953696,170.61,Pleasant Hill Rural Fire Protection District
703,164.481164,55.13,Pleasant Hill Rural Fire Protection District
704,169.2973433,0.33,Pleasant Hill Rural Fire Protection District
705,169.0693629,104.02,Pleasant Hill Rural Fire Protection District
706,149.7047677,97.34,Pleasant Hill Rural Fire Protection District
707,163.3095578,188.19,Pleasant Hill Rural Fire Protection District
708,158.4486035,125.49,Pleasant Hill Rural Fire Protection District
709,155.975587,115.8,Pleasant Hill Rural Fire Protection District
710,153.3248494,156.22,Pleasant Hill Rural Fire Protection District
711,152.670252,195.43,Pleasant Hill Rural Fire Protection District
712,147.6167545,239.75,Pleasant Hill Rural Fire Protection District
713,150.1858116,92.82,Pleasant Hill Rural Fire Protection District
714,126.4492861,82.6,Pleasant Hill Rural Fire Protection District
715,109.4962767,156.29,Pleasant Hill Rural Fire Protection District
716,107.6075818,308.81,Pleasant Hill Rural Fire Protection District
717,109.2542177,183.72,Pleasant Hill Rural Fire Protection District
718,95.15714963,86.51,Pleasant Hill Rural Fire Protection District
719,90.97812783,205.15,Pleasant Hill Rural Fire Protection District
720,91.6842939,179.77,Pleasant Hill Rural Fire Protection District
721,97.27887824,273.59,Pleasant Hill Rural Fire Protection District
722,91.36993693,300.66,Pleasant Hill Rural Fire Protection District
723,89.95893268,372.59,Pleasant Hill Rural Fire Protection District
724,81.02402592,150.35,Pleasant Hill Rural Fire Protection District
725,82.36923356,97.46,Pleasant Hill Rural Fire Protection District
726,87.98391235,97.46,Pleasant Hill Rural Fire Protection District
727,91.27183454,275.63,Pleasant Hill Rural Fire Protection District
728,93.59944978,285.09,Pleasant Hill Rural Fire Protection District
729,76.33051668,87.43,Pleasant Hill Rural Fire Protection District
730,76.74858556,239.69,Pleasant Hill Rural Fire Protection District
731,76.76340774,126.61,Pleasant Hill Rural Fire Protection District
732,84.76789111,84.46,Pleasant Hill Rural Fire Protection District
733,2.800485576,439.98,Pleasant Hill Rural Fire Protection District
734,89.02046273,1159.72,Pleasant Hill Rural Fire Protection District
735,171.9014251,252.71,Pleasant Hill Rural Fire Protection District
736,59.44983636,254.86,Pleasant Hill Rural Fire Protection District
737,62.83013204,246.65,Pleasant Hill Rural Fire Protection District
738,54.46098404,155.13,Pleasant Hill Rural Fire Protection District
739,55.54605408,100.46,Pleasant Hill Rural Fire Protection District
740,49.34699024,146.82,Pleasant Hill Rural Fire Protection District
741,37.95748146,143.91,Pleasant Hill Rural Fire Protection District
742,32.08303317,174.21,Pleasant Hill Rural Fire Protection District
743,40.24985723,54.38,Pleasant Hill Rural Fire Protection District
744,50.50062053,54.38,Pleasant Hill Rural Fire Protection District
745,62.62122284,114.03,Pleasant Hill Rural Fire Protection District
746,50.82896413,111.15,Pleasant Hill Rural Fire Protection District
747,47.69038062,82.35,Pleasant Hill Rural Fire Protection District
748,51.08513334,82.75,Pleasant Hill Rural Fire Protection District
749,50.12390092,107.77,Pleasant Hill Rural Fire Protection District
750,60.10086591,71.92,Pleasant Hill Rural Fire Protection District
751,67.16880104,78.73,Pleasant Hill Rural Fire Protection District
752,62.15109035,579.83,0
753,68.8902891,1302.27,0
754,182.5748331,68.57,0
755,61.73066741,79.6,Pleasant Hill Rural Fire Protection District
756,74.15907431,65.27,Pleasant Hill Rural Fire Protection District
757,71.17307553,71.22,Pleasant Hill Rural Fire Protection District
758,65.22275783,71.22,Pleasant Hill Rural Fire Protection District
759,60.30198098,51.35,Pleasant Hill Rural Fire Protection District
760,63.17264911,59.71,Pleasant Hill Rural Fire Protection District
761,70.9693959,59.71,Pleasant Hill Rural Fire Protection District
762,76.81756474,29.87,Pleasant Hill Rural Fire Protection District
763,78.99323619,888.85,Pleasant Hill Rural Fire Protection District
764,2.062169523,1134.9,Pleasant Hill Rural Fire Protection District
765,2.115300216,0.24,Pleasant Hill Rural Fire Protection District
766,94.60604492,1281.13,Pleasant Hill Rural Fire Protection District
767,181.5580125,563.69,Pleasant Hill Rural Fire Protection District
768,90.32076895,139.53,Pleasant Hill Rural Fire Protection District
769,86.41389235,71.15,Pleasant Hill Rural Fire Protection District
770,71.31225499,106.47,Pleasant Hill Rural Fire Protection District
771,62.22650163,261.75,Pleasant Hill Rural Fire Protection District
772,57.8513869,165.73,Pleasant Hill Rural Fire Protection District
773,67.04046221,86.93,Pleasant Hill Rural Fire Protection District
774,78.22002852,204.19,Pleasant Hill Rural Fire Protection District
775,70.55820001,70.89,Pleasant Hill Rural Fire Protection District
776,57.8117588,47.34,Pleasant Hill Rural Fire Protection District
777,52.69489648,158.4,Pleasant Hill Rural Fire Protection District
778,52.81716491,0.28,Pleasant Hill Rural Fire Protection District
779,52.69430459,101.88,Pleasant Hill Rural Fire Protection District
780,57.02147888,19.92,Pleasant Hill Rural Fire Protection District
781,1.318162215,1254.61,Pleasant Hill Rural Fire Protection District
782,93.99326997,1259.89,Pleasant Hill Rural Fire Protection District
783,180.5145523,1350.92,Pleasant Hill Rural Fire Protection District
784,274.6539274,1279.49,Pleasant Hill Rural Fire Protection District
785,1.126986249,0.2,Pleasant Hill Rural Fire Protection District
786,1.317411887,31.14,Pleasant Hill Rural Fire Protection District
787,232.694828,46.55,Pleasant Hill Rural Fire Protection District
788,232.5976772,0.29,Pleasant Hill Rural Fire Protection District
789,232.6950205,202.99,Pleasant Hill Rural Fire Protection District
790,237.8119821,54.44,Pleasant Hill Rural Fire Protection District
791,250.5578549,81.53,Pleasant Hill Rural Fire Protection District
792,258.2200285,204.19,Pleasant Hill Rural Fire Protection District
793,247.0392612,71.45,Pleasant Hill Rural Fire Protection District
794,235.8592902,62.03,Pleasant Hill Rural Fire Protection District
795,239.0436929,108.19,Pleasant Hill Rural Fire Protection District
796,242.2266554,261.75,Pleasant Hill Rural Fire Protection District
797,246.944113,61.87,Pleasant Hill Rural Fire Protection District
798,256.3324988,61.87,Pleasant Hill Rural Fire Protection District
799,266.7407735,75.28,Pleasant Hill Rural Fire Protection District
800,272.4705293,83.05,Pleasant Hill Rural Fire Protection District
801,269.7231075,25.46,Pleasant Hill Rural Fire Protection District
802,263.6881924,30.72,Pleasant Hill Rural Fire Protection District
803,181.5577625,814.51,Pleasant Hill Rural Fire Protection District
804,273.8245686,1292.98,Pleasant Hill Rural Fire Protection District
805,2.064801201,239.17,Pleasant Hill Rural Fire Protection District
806,258.9934224,874.67,Pleasant Hill Rural Fire Protection District
807,254.867716,51.55,Pleasant Hill Rural Fire Protection District
808,244.1325234,92.92,Pleasant Hill Rural Fire Protection District
809,243.7358789,116.1,Pleasant Hill Rural Fire Protection District
810,252.538608,142.67,Pleasant Hill Rural Fire Protection District
811,237.1719035,113.29,Pleasant Hill Rural Fire Protection District
812,237.913829,414.83,Pleasant Hill Rural Fire Protection District
813,238.8478503,153.67,Pleasant Hill Rural Fire Protection District
814,229.427482,80.91,Pleasant Hill Rural Fire Protection District
815,258.2895286,106.57,Pleasant Hill Rural Fire Protection District
816,274.6864221,165.27,Pleasant Hill Rural Fire Protection District
817,257.0733984,282.66,Pleasant Hill Rural Fire Protection District
818,248.9767995,280.48,Pleasant Hill Rural Fire Protection District
819,235.2554208,144.42,Pleasant Hill Rural Fire Protection District
820,225.4014376,167.58,Pleasant Hill Rural Fire Protection District
821,236.1941895,249.41,Pleasant Hill Rural Fire Protection District
822,227.7407426,63.26,Pleasant Hill Rural Fire Protection District
823,214.0955849,183.48,Pleasant Hill Rural Fire Protection District
824,213.2904109,212.77,Pleasant Hill Rural Fire Protection District
825,229.8322304,210.72,Pleasant Hill Rural Fire Protection District
826,240.5112889,203.65,Pleasant Hill Rural Fire Protection District
827,254.6293077,143.14,Pleasant Hill Rural Fire Protection District
828,244.762735,96.59,Pleasant Hill Rural Fire Protection District
829,237.9970142,118.02,Pleasant Hill Rural Fire Protection District
830,182.3080017,1087.34,Pleasant Hill Rural Fire Protection District
831,270.4826563,687.96,Pleasant Hill Rural Fire Protection District
832,1.618359552,625.7,Pleasant Hill Rural Fire Protection District
833,271.8985981,640.41,Pleasant Hill Rural Fire Protection District
834,1.962180277,142.58,Pleasant Hill Rural Fire Protection District
835,264.8345333,75.92,Pleasant Hill Rural Fire Protection District
836,258.3976002,75.92,Pleasant Hill Rural Fire Protection District
837,252.1823441,276.81,Pleasant Hill Rural Fire Protection District
838,256.2914113,49.26,Pleasant Hill Rural Fire Protection District
839,263.4557314,160.93,Pleasant Hill Rural Fire Protection District
840,276.4618971,185.44,Pleasant Hill Rural Fire Protection District
841,277.3289724,241.98,Pleasant Hill Rural Fire Protection District
842,270.6741571,93.86,Pleasant Hill Rural Fire Protection District
843,262.2528936,176.26,Pleasant Hill Rural Fire Protection District
844,253.9263745,101.37,Pleasant Hill Rural Fire Protection District
845,260.4439819,95.78,Pleasant Hill Rural Fire Protection District
846,273.8468293,606.99,Pleasant Hill Rural Fire Protection District
847,273.8425021,443.21,Pleasant Hill Rural Fire Protection District
848,268.1838857,204.53,Pleasant Hill Rural Fire Protection District
849,268.214271,0.42,Pleasant Hill Rural Fire Protection District
850,268.7174761,0.04,Pleasant Hill Rural Fire Protection District
851,276.1453503,123.55,Pleasant Hill Rural Fire Protection District
852,289.9796622,92.79,Pleasant Hill Rural Fire Protection District
853,295.9624192,65.13,Pleasant Hill Rural Fire Protection District
854,284.0993324,206.46,Pleasant Hill Rural Fire Protection District
855,282.0704302,243.67,Pleasant Hill Rural Fire Protection District
856,307.229945,99.43,Pleasant Hill Rural Fire Protection District
857,313.1488697,96.91,Pleasant Hill Rural Fire Protection District
858,328.4821004,330.2,Pleasant Hill Rural Fire Protection District
859,335.3958086,202.8,Pleasant Hill Rural Fire Protection District
860,332.7291762,101.05,Pleasant Hill Rural Fire Protection District
861,318.2801896,105.91,Pleasant Hill Rural Fire Protection District
862,342.6380409,150.09,Pleasant Hill Rural Fire Protection District
863,342.7880617,285.54,Pleasant Hill Rural Fire Protection District
864,345.3901111,176.09,Pleasant Hill Rural Fire Protection District
865,349.7764878,86.68,Pleasant Hill Rural Fire Protection District
866,325.1014897,87.89,Pleasant Hill Rural Fire Protection District
867,311.3892891,199.47,Pleasant Hill Rural Fire Protection District
868,296.1274961,104.4,Pleasant Hill Rural Fire Protection District
869,321.1051728,47.52,Pleasant Hill Rural Fire Protection District
870,321.0752874,230.27,Pleasant Hill Rural Fire Protection District
871,303.7575421,90.56,Pleasant Hill Rural Fire Protection District
872,285.5556753,125.98,Pleasant Hill Rural Fire Protection District
873,323.2357475,41.85,Pleasant Hill Rural Fire Protection District
874,294.726772,123.02,Pleasant Hill Rural Fire Protection District
875,289.4329821,50.42,Pleasant Hill Rural Fire Protection District
876,279.4009018,50.42,Pleasant Hill Rural Fire Protection District
877,266.8601374,75.5,Pleasant Hill Rural Fire Protection District
878,259.3338985,99.05,Pleasant Hill Rural Fire Protection District
879,256.4780063,187.55,Pleasant Hill Rural Fire Protection District
880,248.8242423,302.25,Pleasant Hill Rural Fire Protection District
881,255.5918352,84.78,Pleasant Hill Rural Fire Protection District
882,284.5341239,148.55,Pleasant Hill Rural Fire Protection District
883,295.0690139,72.62,Pleasant Hill Rural Fire Protection District
884,304.8325598,101.59,Pleasant Hill Rural Fire Protection District
885,314.6194713,280.84,Pleasant Hill Rural Fire Protection District
886,313.3507448,105.28,Pleasant Hill Rural Fire Protection District
887,309.9401693,95.79,Pleasant Hill Rural Fire Protection District
888,297.4820856,814.67,Pleasant Hill Rural Fire Protection District
889,293.5791324,192.01,Pleasant Hill Rural Fire Protection District
890,290.6526058,80.5,Pleasant Hill Rural Fire Protection District
891,283.5263621,201.55,Pleasant Hill Rural Fire Protection District
892,297.139427,199,Pleasant Hill Rural Fire Protection District
893,260.5487025,102.59,Pleasant Hill Rural Fire Protection District
894,297.7212865,100.77,Pleasant Hill Rural Fire Protection District
895,269.4393075,411,Pleasant Hill Rural Fire Protection District
896,260.4592932,129.91,Pleasant Hill Rural Fire Protection District
897,181.1269581,597.62,Pleasant Hill Rural Fire Protection District
898,271.7267197,706.13,Pleasant Hill Rural Fire Protection District
899,1.163318179,461.09,Pleasant Hill Rural Fire Protection District
900,236.6960789,57.4,Pleasant Hill Rural Fire Protection District
901,229.4768064,150.48,Pleasant Hill Rural Fire Protection District
902,238.8555866,104.61,Pleasant Hill Rural Fire Protection District
903,246.4450473,209.01,Pleasant Hill Rural Fire Protection District
904,252.5364087,232.34,Pleasant Hill Rural Fire Protection District
905,275.0300156,652.14,Pleasant Hill Rural Fire Protection District
906,276.8900477,267.45,Pleasant Hill Rural Fire Protection District
907,291.05647,165.29,Pleasant Hill Rural Fire Protection District
908,291.3179836,185.52,Pleasant Hill Rural Fire Protection District
909,303.8723798,44.01,Pleasant Hill Rural Fire Protection District
910,290.3270383,44.01,Pleasant Hill Rural Fire Protection District
911,276.7821987,44.01,Pleasant Hill Rural Fire Protection District
912,263.2375634,44.01,Pleasant Hill Rural Fire Protection District
913,246.306015,65.82,Pleasant Hill Rural Fire Protection District
914,244.9978768,361.52,Pleasant Hill Rural Fire Protection District
915,231.5368257,228.53,Pleasant Hill Rural Fire Protection District
916,229.3387883,243.99,Pleasant Hill Rural Fire Protection District
917,233.4821268,42.94,Pleasant Hill Rural Fire Protection District
918,240.6904641,43.94,Pleasant Hill Rural Fire Protection District
919,248.0112276,44.79,Pleasant Hill Rural Fire Protection District
920,254.7660248,42.57,Pleasant Hill Rural Fire Protection District
921,261.6449409,43.7,Pleasant Hill Rural Fire Protection District
922,268.3371215,37.76,Pleasant Hill Rural Fire Protection District
923,181.2293437,226.66,Pleasant Hill Rural Fire Protection District
924,222.3899606,840.46,Pleasant Hill Rural Fire Protection District
925,180.6002842,460.78,Pleasant Hill Rural Fire Protection District
926,182.3734117,597.21,0
927,271.4360282,1357.44,0
928,182.0939287,843.62,Pleasant Hill Rural Fire Protection District
929,271.2569913,866.26,Pleasant Hill Rural Fire Protection District
930,181.630313,561.54,Pleasant Hill Rural Fire Protection District
931,165.6100688,900.52,0
932,124.5748295,1693.81,Pleasant Hill Rural Fire Protection District
933,141.6916304,427.87,Pleasant Hill Rural Fire Protection District
934,92.08075144,1267.73,0
935,92.58871706,1278.44,0
936,181.2409445,1320.66,City of Eugene
937,181.0265986,1215.74,City of Eugene
938,265.8218452,516.48,0
939,279.8765664,225.79,0
940,301.6428801,632.21,0
941,309.6901251,878.74,0
942,225.0933339,753.52,0
943,278.4270144,151.67,Pleasant Hill Rural Fire Protection District
944,278.8806876,305.97,Pleasant Hill Rural Fire Protection District
945,277.1250163,152.33,Pleasant Hill Rural Fire Protection District
946,286.3892045,167.4,Pleasant Hill Rural Fire Protection District
947,295.0170605,156.37,Pleasant Hill Rural Fire Protection District
948,299.0545759,194.52,Pleasant Hill Rural Fire Protection District
949,296.5649517,253.49,Pleasant Hill Rural Fire Protection District
950,295.346302,198.61,Pleasant Hill Rural Fire Protection District
951,305.4270708,197.35,Pleasant Hill Rural Fire Protection District
952,309.0828458,249.63,Pleasant Hill Rural Fire Protection District
953,316.9749888,133.81,Pleasant Hill Rural Fire Protection District
954,327.3809598,96.78,Pleasant Hill Rural Fire Protection District
955,336.2976099,146.01,Pleasant Hill Rural Fire Protection District
956,353.4801564,114.87,Pleasant Hill Rural Fire Protection District
957,355.9138272,45.77,Pleasant Hill Rural Fire Protection District
958,343.301126,34.04,Pleasant Hill Rural Fire Protection District
959,331.3879981,40.86,Pleasant Hill Rural Fire Protection District
960,316.847838,71.51,Pleasant Hill Rural Fire Protection District
961,313.0249975,66.9,Pleasant Hill Rural Fire Protection District
962,301.0791825,277.93,Pleasant Hill Rural Fire Protection District
963,286.927543,78.39,Pleasant Hill Rural Fire Protection District
964,278.4173451,84.44,Pleasant Hill Rural Fire Protection District
965,268.027261,202.76,Dexter Rural Fire Protection District
966,144.5028169,273.16,Pleasant Hill Rural Fire Protection District
967,169.7228545,2582.06,Pleasant Hill Rural Fire Protection District
968,94.76379957,168.1,Pleasant Hill Rural Fire Protection District
969,168.4597075,2090.13,Pleasant Hill Rural Fire Protection District
970,166.3857703,1255.07,Pleasant Hill Rural Fire Protection District
971,166.5042951,1960.06,Pleasant Hill Rural Fire Protection District
972,166.5690023,656.44,Pleasant Hill Rural Fire Protection District
973,161.2742167,593.68,Pleasant Hill Rural Fire Protection District
974,157.2571454,180.19,Pleasant Hill Rural Fire Protection District
975,156.0558424,27.59,Pleasant Hill Rural Fire Protection District
976,156.0553162,82.54,Pleasant Hill Rural Fire Protection District
977,150.6424133,349.88,Pleasant Hill Rural Fire Protection District
978,142.0578327,1425.89,Pleasant Hill Rural Fire Protection District
979,144.7159779,2068.23,Pleasant Hill Rural Fire Protection District
980,298.763983,2146.37,Pleasant Hill Rural Fire Protection District
981,181.6753201,131.72,Pleasant Hill Rural Fire Protection District
982,271.7206325,647,Pleasant Hill Rural Fire Protection District
983,271.7206605,548.55,Pleasant Hill Rural Fire Protection District
984,1.67042157,33.79,Pleasant Hill Rural Fire Protection District
985,271.6707934,652.9,Pleasant Hill Rural Fire Protection District
986,271.670593,1328.29,Pleasant Hill Rural Fire Protection District
987,181.4435334,1000.83,Pleasant Hill Rural Fire Protection District
988,181.4432418,255.35,Pleasant Hill Rural Fire Protection District
989,276.708659,971.58,Pleasant Hill Rural Fire Protection District
990,316.2237748,114.61,Pleasant Hill Rural Fire Protection District
991,305.1331154,60.76,0
992,32.87113601,632,Pleasant Hill Rural Fire Protection District
993,18.19110086,40.34,Pleasant Hill Rural Fire Protection District
994,351.0683161,34.68,Pleasant Hill Rural Fire Protection District
995,317.6857484,56.99,Pleasant Hill Rural Fire Protection District
996,296.562239,1049.28,Pleasant Hill Rural Fire Protection District
997,224.1122561,541.56,Pleasant Hill Rural Fire Protection District
998,271.3685742,1088.8,Pleasant Hill Rural Fire Protection District
999,181.7205489,1249.1,Pleasant Hill Rural Fire Protection District
1000,88.97873671,730.17,Pleasant Hill Rural Fire Protection District
1001,93.07928232,550.96,Pleasant Hill Rural Fire Protection District
1002,71.89723854,431.57,Pleasant Hill Rural Fire Protection District
1003,61.5544571,128.82,Pleasant Hill Rural Fire Protection District
1004,56.37828007,60.64,Pleasant Hill Rural Fire Protection District
1005,126.5214888,42.07,0
1006,181.6814692,942.96,Pleasant Hill Rural Fire Protection District
